{
    "ddType": 2,
    "items": [
        {
            "widgetGuid": "F66A9747-6C71-40E5-8639-9F53233494D2",
            "widgetProperties": {
                "i": "Label",
                "background": "#00559b",
                "fontColor": "#ffffff",
                "fontFamily": "Proxima Nova",
                "fontSize": "24",
                "title": "EBV-IoT - Infineon & Avnet IoTConnect Secure Cloud connected solution",
                "titleAlign": "",
                "contents": ""
            },
            "properties": {
                "x": "0",
                "y": "0",
                "w": "31",
                "h": "2",
                "i": "Label",
                "minW": "6",
                "minH": "2",
                "maxH": "2",
                "isStatic": "false"
            }
        },
        {
            "widgetGuid": "21A18C90-2DBC-4283-89D2-B01E1B70E363",
            "widgetProperties": {
                "i": "gauge",
                "background": "#fff",
                "fontColor": "#343434",
                "fontFamily": "Proxima Nova",
                "fontSize": "18",
                "title": "CO2 Levels",
                "titleAlign": "",
                "contents": {
                    "gauge": {
                        "device": {
                            "deviceGuid": "AD26A844-6EC3-4926-A975-DEE7B773CCF0",
                            "deviceUniqueId": "zRYzTQEAHAAFAAAKCRtcABUASQBOgBA"
                        },
                        "attributes": {
                            "attribute": [
                                {
                                    "attributeGuid": "DF108951-F9C4-4100-AB9C-080064C7996D",
                                    "attributeName": "latitude",
                                    "displayName": "",
                                    "checked": "false",
                                    "dataType": "NUMBER",
                                    "attributeLatestValue": "11.801025558942381",
                                    "deviceUpdatedDate": "2024-01-26T16:05:56.000Z",
                                    "gatewayUpdatedDate": "2024-01-26T16:05:56.000Z",
                                    "attributeValue": "11.801025558942381"
                                },
                                {
                                    "attributeGuid": "15CF0100-4193-4E6F-8D7C-091064E05B60",
                                    "attributeName": "co2level",
                                    "displayName": "",
                                    "checked": "true",
                                    "dataType": "NUMBER",
                                    "attributeLatestValue": "910",
                                    "deviceUpdatedDate": "2024-01-26T16:05:45.000Z",
                                    "gatewayUpdatedDate": "2024-01-26T16:05:45.000Z",
                                    "attributeValue": "910"
                                },
                                {
                                    "attributeGuid": "A3087434-D172-4DE2-9A9C-27941ED6A88F",
                                    "attributeName": "pressure",
                                    "displayName": "",
                                    "checked": "false",
                                    "dataType": "NUMBER",
                                    "attributeLatestValue": "997.15",
                                    "deviceUpdatedDate": "2024-01-26T16:05:56.000Z",
                                    "gatewayUpdatedDate": "2024-01-26T16:05:56.000Z",
                                    "attributeValue": "997.15"
                                },
                                {
                                    "attributeGuid": "76F10A31-80A5-4F2C-92F1-2DE9CB358056",
                                    "attributeName": "temperature",
                                    "displayName": "",
                                    "checked": "false",
                                    "dataType": "NUMBER",
                                    "attributeLatestValue": "28.90",
                                    "deviceUpdatedDate": "2024-01-26T16:05:56.000Z",
                                    "gatewayUpdatedDate": "2024-01-26T16:05:56.000Z",
                                    "attributeValue": "28.90"
                                },
                                {
                                    "attributeGuid": "069497A9-4EC0-4536-9B65-C0C02A00DED8",
                                    "attributeName": "LED1",
                                    "displayName": "",
                                    "checked": "false",
                                    "dataType": "NUMBER",
                                    "attributeLatestValue": "1",
                                    "deviceUpdatedDate": "2024-01-26T16:05:56.000Z",
                                    "gatewayUpdatedDate": "2024-01-26T16:05:56.000Z",
                                    "attributeValue": "1"
                                },
                                {
                                    "attributeGuid": "A1E73788-F0C5-4AA5-8284-D056176ADE67",
                                    "attributeName": "longitude",
                                    "displayName": "",
                                    "checked": "false",
                                    "dataType": "NUMBER",
                                    "attributeLatestValue": "48.17207000301404",
                                    "deviceUpdatedDate": "2024-01-26T16:05:56.000Z",
                                    "gatewayUpdatedDate": "2024-01-26T16:05:56.000Z",
                                    "attributeValue": "48.17207000301404"
                                },
                                {
                                    "attributeGuid": "AF781DE0-F336-4C89-8182-F55E5C300E11",
                                    "attributeName": "LED_RGB_Brightness",
                                    "displayName": "",
                                    "checked": "false",
                                    "dataType": "NUMBER",
                                    "attributeLatestValue": "50",
                                    "deviceUpdatedDate": "2024-01-26T16:05:56.000Z",
                                    "gatewayUpdatedDate": "2024-01-26T16:05:56.000Z",
                                    "attributeValue": "50"
                                }
                            ]
                        },
                        "minValue": "400",
                        "maxValue": "5000",
                        "version": "2.0",
                        "zones": [
                            {
                                "zoneColor": "#7ed321",
                                "zoneName": "OK",
                                "upToValue": "900",
                                "showColorPicker": "false"
                            },
                            {
                                "zoneName": "High",
                                "zoneColor": "#f8e71c",
                                "upToValue": "2000",
                                "showColorPicker": "false"
                            },
                            {
                                "zoneName": "NOK",
                                "zoneColor": "#d0021b",
                                "upToValue": "5000",
                                "showColorPicker": "false"
                            }
                        ],
                        "key": "gauge"
                    }
                }
            },
            "properties": {
                "x": "31",
                "y": "0",
                "w": "10",
                "h": "9",
                "i": "gauge",
                "minW": "10",
                "minH": "9",
                "maxH": "15",
                "maxW": "16",
                "isStatic": "false"
            }
        },
        {
            "widgetGuid": "21A18C90-2DBC-4283-89D2-B01E1B70E363",
            "widgetProperties": {
                "i": "gauge",
                "background": "#fff",
                "fontColor": "#343434",
                "fontFamily": "Proxima Nova",
                "fontSize": "18",
                "title": "Temperature",
                "titleAlign": "",
                "contents": {
                    "gauge": {
                        "device": {
                            "deviceGuid": "AD26A844-6EC3-4926-A975-DEE7B773CCF0",
                            "deviceUniqueId": "zRYzTQEAHAAFAAAKCRtcABUASQBOgBA"
                        },
                        "attributes": {
                            "attribute": [
                                {
                                    "attributeGuid": "DF108951-F9C4-4100-AB9C-080064C7996D",
                                    "attributeName": "latitude",
                                    "displayName": "",
                                    "checked": "false",
                                    "dataType": "NUMBER",
                                    "attributeLatestValue": "11.801025558942381",
                                    "deviceUpdatedDate": "2024-01-26T16:05:56.000Z",
                                    "gatewayUpdatedDate": "2024-01-26T16:05:56.000Z",
                                    "attributeValue": "11.801025558942381"
                                },
                                {
                                    "attributeGuid": "15CF0100-4193-4E6F-8D7C-091064E05B60",
                                    "attributeName": "co2level",
                                    "displayName": "",
                                    "checked": "false",
                                    "dataType": "NUMBER",
                                    "attributeLatestValue": "910",
                                    "deviceUpdatedDate": "2024-01-26T16:05:45.000Z",
                                    "gatewayUpdatedDate": "2024-01-26T16:05:45.000Z",
                                    "attributeValue": "910"
                                },
                                {
                                    "attributeGuid": "A3087434-D172-4DE2-9A9C-27941ED6A88F",
                                    "attributeName": "pressure",
                                    "displayName": "",
                                    "checked": "false",
                                    "dataType": "NUMBER",
                                    "attributeLatestValue": "997.15",
                                    "deviceUpdatedDate": "2024-01-26T16:05:56.000Z",
                                    "gatewayUpdatedDate": "2024-01-26T16:05:56.000Z",
                                    "attributeValue": "997.15"
                                },
                                {
                                    "attributeGuid": "76F10A31-80A5-4F2C-92F1-2DE9CB358056",
                                    "attributeName": "temperature",
                                    "displayName": "",
                                    "checked": "true",
                                    "dataType": "NUMBER",
                                    "attributeLatestValue": "28.90",
                                    "deviceUpdatedDate": "2024-01-26T16:05:56.000Z",
                                    "gatewayUpdatedDate": "2024-01-26T16:05:56.000Z",
                                    "attributeValue": "28.90"
                                },
                                {
                                    "attributeGuid": "069497A9-4EC0-4536-9B65-C0C02A00DED8",
                                    "attributeName": "LED1",
                                    "displayName": "",
                                    "checked": "false",
                                    "dataType": "NUMBER",
                                    "attributeLatestValue": "1",
                                    "deviceUpdatedDate": "2024-01-26T16:05:56.000Z",
                                    "gatewayUpdatedDate": "2024-01-26T16:05:56.000Z",
                                    "attributeValue": "1"
                                },
                                {
                                    "attributeGuid": "A1E73788-F0C5-4AA5-8284-D056176ADE67",
                                    "attributeName": "longitude",
                                    "displayName": "",
                                    "checked": "false",
                                    "dataType": "NUMBER",
                                    "attributeLatestValue": "48.17207000301404",
                                    "deviceUpdatedDate": "2024-01-26T16:05:56.000Z",
                                    "gatewayUpdatedDate": "2024-01-26T16:05:56.000Z",
                                    "attributeValue": "48.17207000301404"
                                },
                                {
                                    "attributeGuid": "AF781DE0-F336-4C89-8182-F55E5C300E11",
                                    "attributeName": "LED_RGB_Brightness",
                                    "displayName": "",
                                    "checked": "false",
                                    "dataType": "NUMBER",
                                    "attributeLatestValue": "50",
                                    "deviceUpdatedDate": "2024-01-26T16:05:56.000Z",
                                    "gatewayUpdatedDate": "2024-01-26T16:05:56.000Z",
                                    "attributeValue": "50"
                                }
                            ]
                        },
                        "minValue": "-40",
                        "maxValue": "60",
                        "version": "2.0",
                        "zones": [
                            {
                                "zoneColor": "#4a90e2",
                                "zoneName": "Freezing",
                                "upToValue": "1",
                                "showColorPicker": "false"
                            },
                            {
                                "zoneName": "Cold",
                                "zoneColor": "#50e3c2",
                                "upToValue": "15",
                                "showColorPicker": "false"
                            },
                            {
                                "zoneName": "OK",
                                "zoneColor": "#7ed321",
                                "upToValue": "25",
                                "showColorPicker": "false"
                            },
                            {
                                "zoneName": "Warm",
                                "zoneColor": "#f5a623",
                                "upToValue": "45",
                                "showColorPicker": "false"
                            },
                            {
                                "zoneName": "Hot",
                                "zoneColor": "#d0021b",
                                "upToValue": "60",
                                "showColorPicker": "false"
                            }
                        ],
                        "key": "gauge"
                    }
                }
            },
            "properties": {
                "x": "41",
                "y": "0",
                "w": "10",
                "h": "9",
                "i": "gauge",
                "minW": "10",
                "minH": "9",
                "maxH": "15",
                "maxW": "16",
                "isStatic": "false"
            }
        },
        {
            "widgetGuid": "21A18C90-2DBC-4283-89D2-B01E1B70E363",
            "widgetProperties": {
                "i": "gauge",
                "background": "#fff",
                "fontColor": "#343434",
                "fontFamily": "Proxima Nova",
                "fontSize": "18",
                "title": "Pressure",
                "titleAlign": "",
                "contents": {
                    "gauge": {
                        "device": {
                            "deviceGuid": "AD26A844-6EC3-4926-A975-DEE7B773CCF0",
                            "deviceUniqueId": "zRYzTQEAHAAFAAAKCRtcABUASQBOgBA"
                        },
                        "attributes": {
                            "attribute": [
                                {
                                    "attributeGuid": "DF108951-F9C4-4100-AB9C-080064C7996D",
                                    "attributeName": "latitude",
                                    "displayName": "",
                                    "checked": "false",
                                    "dataType": "NUMBER",
                                    "attributeLatestValue": "11.801025558942381",
                                    "deviceUpdatedDate": "2024-01-26T16:05:56.000Z",
                                    "gatewayUpdatedDate": "2024-01-26T16:05:56.000Z",
                                    "attributeValue": "11.801025558942381"
                                },
                                {
                                    "attributeGuid": "15CF0100-4193-4E6F-8D7C-091064E05B60",
                                    "attributeName": "co2level",
                                    "displayName": "",
                                    "checked": "false",
                                    "dataType": "NUMBER",
                                    "attributeLatestValue": "910",
                                    "deviceUpdatedDate": "2024-01-26T16:05:45.000Z",
                                    "gatewayUpdatedDate": "2024-01-26T16:05:45.000Z",
                                    "attributeValue": "910"
                                },
                                {
                                    "attributeGuid": "A3087434-D172-4DE2-9A9C-27941ED6A88F",
                                    "attributeName": "pressure",
                                    "displayName": "",
                                    "checked": "true",
                                    "dataType": "NUMBER",
                                    "attributeLatestValue": "997.15",
                                    "deviceUpdatedDate": "2024-01-26T16:05:56.000Z",
                                    "gatewayUpdatedDate": "2024-01-26T16:05:56.000Z",
                                    "attributeValue": "997.15"
                                },
                                {
                                    "attributeGuid": "76F10A31-80A5-4F2C-92F1-2DE9CB358056",
                                    "attributeName": "temperature",
                                    "displayName": "",
                                    "checked": "false",
                                    "dataType": "NUMBER",
                                    "attributeLatestValue": "28.90",
                                    "deviceUpdatedDate": "2024-01-26T16:05:56.000Z",
                                    "gatewayUpdatedDate": "2024-01-26T16:05:56.000Z",
                                    "attributeValue": "28.90"
                                },
                                {
                                    "attributeGuid": "069497A9-4EC0-4536-9B65-C0C02A00DED8",
                                    "attributeName": "LED1",
                                    "displayName": "",
                                    "checked": "false",
                                    "dataType": "NUMBER",
                                    "attributeLatestValue": "1",
                                    "deviceUpdatedDate": "2024-01-26T16:05:56.000Z",
                                    "gatewayUpdatedDate": "2024-01-26T16:05:56.000Z",
                                    "attributeValue": "1"
                                },
                                {
                                    "attributeGuid": "A1E73788-F0C5-4AA5-8284-D056176ADE67",
                                    "attributeName": "longitude",
                                    "displayName": "",
                                    "checked": "false",
                                    "dataType": "NUMBER",
                                    "attributeLatestValue": "48.17207000301404",
                                    "deviceUpdatedDate": "2024-01-26T16:05:56.000Z",
                                    "gatewayUpdatedDate": "2024-01-26T16:05:56.000Z",
                                    "attributeValue": "48.17207000301404"
                                },
                                {
                                    "attributeGuid": "AF781DE0-F336-4C89-8182-F55E5C300E11",
                                    "attributeName": "LED_RGB_Brightness",
                                    "displayName": "",
                                    "checked": "false",
                                    "dataType": "NUMBER",
                                    "attributeLatestValue": "50",
                                    "deviceUpdatedDate": "2024-01-26T16:05:56.000Z",
                                    "gatewayUpdatedDate": "2024-01-26T16:05:56.000Z",
                                    "attributeValue": "50"
                                }
                            ]
                        },
                        "minValue": "900",
                        "maxValue": "1200",
                        "version": "2.0",
                        "zones": [
                            {
                                "zoneColor": "#4a90e2",
                                "zoneName": "Low",
                                "upToValue": "970",
                                "showColorPicker": "false"
                            },
                            {
                                "zoneName": "OX",
                                "zoneColor": "#7ed321",
                                "upToValue": "1050",
                                "showColorPicker": "false"
                            },
                            {
                                "zoneName": "High",
                                "zoneColor": "#d0021b",
                                "upToValue": "1200",
                                "showColorPicker": "false"
                            }
                        ],
                        "key": "gauge"
                    }
                }
            },
            "properties": {
                "x": "51",
                "y": "0",
                "w": "10",
                "h": "9",
                "i": "gauge",
                "minW": "10",
                "minH": "9",
                "maxH": "15",
                "maxW": "16",
                "isStatic": "false"
            }
        },
        {
            "widgetGuid": "A8CB394D-15B1-42C9-94FC-AD7BDC599E2A",
            "widgetProperties": {
                "i": "Image",
                "background": "#ffffff",
                "fontColor": "#343434",
                "fontFamily": "Proxima Nova",
                "fontSize": "10",
                "title": "",
                "titleAlign": "",
                "contents": {
                    "option": {
                        "imageUpload": "false",
                        "imageUrl": "true",
                        "imageDevice": "false",
                        "imageTelemetry": "false",
                        "key": "option"
                    },
                    "upload": {
                        "imageurl": "",
                        "key": "upload"
                    },
                    "url": {
                        "imageurl": "https://saleshosted.z13.web.core.windows.net/media/ifx/infineon_logo.png",
                        "key": "url"
                    },
                    "device": {
                        "deviceGuid": "AD26A844-6EC3-4926-A975-DEE7B773CCF0",
                        "deviceName": "",
                        "imageurl": "",
                        "key": "device",
                        "deviceUniqueId": "zRYzTQEAHAAFAAAKCRtcABUASQBOgBA"
                    },
                    "telemetry": {
                        "deviceGuid": "",
                        "deviceName": "",
                        "imageurl": "",
                        "key": "telemetry"
                    }
                }
            },
            "properties": {
                "x": "0",
                "y": "2",
                "w": "16",
                "h": "8",
                "i": "Image",
                "minW": "5",
                "minH": "5",
                "isStatic": "false"
            }
        },
        {
            "widgetGuid": "8BF5A2DF-51FA-479B-B5D8-8413DC425CFF",
            "widgetProperties": {
                "i": "LiveLineChart",
                "background": "#fff",
                "fontColor": "#343434",
                "fontFamily": "Proxima Nova",
                "fontSize": "18",
                "title": "Environmental Telemetry",
                "titleAlign": "",
                "contents": {
                    "liveChart": {
                        "device": {
                            "deviceGuid": "AD26A844-6EC3-4926-A975-DEE7B773CCF0",
                            "deviceUniqueId": "zRYzTQEAHAAFAAAKCRtcABUASQBOgBA"
                        },
                        "attributes": {
                            "attribute": [
                                {
                                    "attributeGuid": "4D209237-EEF3-427C-AEB6-2DC139B85FCA",
                                    "attributeName": "LED1",
                                    "checked": "false",
                                    "dataType": "NUMBER",
                                    "attributeLatestValue": "1",
                                    "deviceUpdatedDate": "2023-10-26T08:56:58.000Z",
                                    "gatewayUpdatedDate": "NA",
                                    "attributeValue": "1"
                                },
                                {
                                    "attributeGuid": "887A8E7F-B66C-4A06-AF3D-5FF1B6191475",
                                    "attributeName": "LED_RGB_Brightness",
                                    "checked": "false",
                                    "dataType": "NUMBER",
                                    "attributeLatestValue": "0",
                                    "deviceUpdatedDate": "2023-10-26T08:56:58.000Z",
                                    "gatewayUpdatedDate": "NA",
                                    "attributeValue": "0"
                                },
                                {
                                    "attributeGuid": "FFBA9DBC-326D-4EFD-BB6B-6C49AD058405",
                                    "attributeName": "pressure",
                                    "checked": "true",
                                    "dataType": "NUMBER",
                                    "attributeLatestValue": "975.36",
                                    "deviceUpdatedDate": "2023-10-26T08:56:58.000Z",
                                    "gatewayUpdatedDate": "NA",
                                    "attributeValue": "975.36"
                                },
                                {
                                    "attributeGuid": "E579F44D-23A3-4C8C-8ACA-BAC30661060E",
                                    "attributeName": "temperature",
                                    "checked": "true",
                                    "dataType": "NUMBER",
                                    "attributeLatestValue": "24.48",
                                    "deviceUpdatedDate": "2023-10-26T08:56:58.000Z",
                                    "gatewayUpdatedDate": "NA",
                                    "attributeValue": "24.48"
                                },
                                {
                                    "attributeGuid": "F21AAB16-2CC3-4DAD-8629-BE9A2E20B006",
                                    "attributeName": "co2level",
                                    "checked": "true",
                                    "dataType": "NUMBER",
                                    "attributeLatestValue": "977",
                                    "deviceUpdatedDate": "2023-10-26T08:56:58.000Z",
                                    "gatewayUpdatedDate": "NA",
                                    "attributeValue": "977"
                                }
                            ]
                        },
                        "key": "liveChart",
                        "recentEndPoints": "10"
                    }
                }
            },
            "properties": {
                "x": "16",
                "y": "2",
                "w": "15",
                "h": "16",
                "i": "LiveLineChart",
                "minW": "15",
                "minH": "15",
                "isStatic": "false"
            }
        },
        {
            "widgetGuid": "6FEFF6B7-15C4-4095-A156-87A1B38D2FF5",
            "widgetProperties": {
                "i": "Transformation",
                "background": "#1cb32a",
                "fontColor": "#343434",
                "fontFamily": "Proxima Nova",
                "fontSize": "43",
                "title": "C02 Level",
                "titleAlign": "",
                "contents": {
                    "Transformation": {
                        "device": {
                            "deviceGuid": "AD26A844-6EC3-4926-A975-DEE7B773CCF0",
                            "deviceUniqueId": "zRYzTQEAHAAFAAAKCRtcABUASQBOgBA"
                        },
                        "attributes": {
                            "attribute": [
                                {
                                    "attributeGuid": "4D209237-EEF3-427C-AEB6-2DC139B85FCA",
                                    "attributeName": "LED1",
                                    "checked": "false",
                                    "dataType": "NUMBER",
                                    "attributeLatestValue": "1",
                                    "deviceUpdatedDate": "2023-10-26T07:28:27.000Z",
                                    "gatewayUpdatedDate": "NA",
                                    "attributeValue": "1"
                                },
                                {
                                    "attributeGuid": "887A8E7F-B66C-4A06-AF3D-5FF1B6191475",
                                    "attributeName": "LED_RGB_Brightness",
                                    "checked": "false",
                                    "dataType": "NUMBER",
                                    "attributeLatestValue": "0",
                                    "deviceUpdatedDate": "2023-10-26T07:28:27.000Z",
                                    "gatewayUpdatedDate": "NA",
                                    "attributeValue": "0"
                                },
                                {
                                    "attributeGuid": "FFBA9DBC-326D-4EFD-BB6B-6C49AD058405",
                                    "attributeName": "pressure",
                                    "checked": "false",
                                    "dataType": "NUMBER",
                                    "attributeLatestValue": "975.30",
                                    "deviceUpdatedDate": "2023-10-26T07:28:27.000Z",
                                    "gatewayUpdatedDate": "NA",
                                    "attributeValue": "975.30"
                                },
                                {
                                    "attributeGuid": "E579F44D-23A3-4C8C-8ACA-BAC30661060E",
                                    "attributeName": "temperature",
                                    "checked": "false",
                                    "dataType": "NUMBER",
                                    "attributeLatestValue": "23.96",
                                    "deviceUpdatedDate": "2023-10-26T07:28:27.000Z",
                                    "gatewayUpdatedDate": "NA",
                                    "attributeValue": "23.96"
                                },
                                {
                                    "attributeGuid": "F21AAB16-2CC3-4DAD-8629-BE9A2E20B006",
                                    "attributeName": "co2level",
                                    "checked": "true",
                                    "dataType": "NUMBER",
                                    "attributeLatestValue": "952",
                                    "deviceUpdatedDate": "2023-10-26T07:28:27.000Z",
                                    "gatewayUpdatedDate": "NA",
                                    "attributeValue": "952"
                                }
                            ]
                        },
                        "key": "Transformation",
                        "transformations": [
                            {
                                "condition": "le",
                                "conditionValue": "1000",
                                "type": "Color",
                                "errors": "",
                                "typeValue": "#1cb32a",
                                "isShowLiveFontColor": "false"
                            },
                            {
                                "condition": "le",
                                "conditionValue": "2000",
                                "type": "Color",
                                "errors": "",
                                "typeValue": "#f8e71c",
                                "isShowLiveFontColor": "false"
                            },
                            {
                                "condition": "lt",
                                "conditionValue": "5000",
                                "type": "Color",
                                "errors": "",
                                "typeValue": "#f5a623",
                                "isShowLiveFontColor": "false"
                            },
                            {
                                "condition": "gt",
                                "conditionValue": "5000",
                                "type": "Color",
                                "errors": "",
                                "typeValue": "#d0021b",
                                "isShowLiveFontColor": "false"
                            }
                        ]
                    }
                }
            },
            "properties": {
                "x": "31",
                "y": "9",
                "w": "7",
                "h": "6",
                "i": "Transformation",
                "minW": "7",
                "minH": "4",
                "isStatic": "false"
            }
        },
        {
            "widgetGuid": "1C12305F-91F5-4DEE-9DF2-ED542C06313E",
            "widgetProperties": {
                "i": "combo",
                "background": "#fff",
                "fontColor": "#343434",
                "fontFamily": "Proxima Nova",
                "fontSize": "18",
                "title": "Pressure / CO2",
                "titleAlign": "",
                "contents": {
                    "combo": {
                        "device": {
                            "deviceGuid": "AD26A844-6EC3-4926-A975-DEE7B773CCF0",
                            "deviceUniqueId": "zRYzTQEAHAAFAAAKCRtcABUASQBOgBA"
                        },
                        "attributes": {
                            "attribute": [
                                {
                                    "attributeGuid": "DF108951-F9C4-4100-AB9C-080064C7996D",
                                    "attributeName": "latitude",
                                    "displayName": "",
                                    "checked": "false",
                                    "dataType": "NUMBER",
                                    "attributeLatestValue": "11.801025558942381",
                                    "deviceUpdatedDate": "2024-01-26T16:01:48.000Z",
                                    "gatewayUpdatedDate": "2024-01-26T16:01:48.000Z",
                                    "attributeValue": "11.801025558942381"
                                },
                                {
                                    "attributeGuid": "15CF0100-4193-4E6F-8D7C-091064E05B60",
                                    "attributeName": "co2level",
                                    "displayName": "",
                                    "checked": "false",
                                    "dataType": "NUMBER",
                                    "attributeLatestValue": "965",
                                    "deviceUpdatedDate": "2024-01-26T16:01:48.000Z",
                                    "gatewayUpdatedDate": "2024-01-26T16:01:48.000Z",
                                    "attributeValue": "965"
                                },
                                {
                                    "attributeGuid": "A3087434-D172-4DE2-9A9C-27941ED6A88F",
                                    "attributeName": "pressure",
                                    "displayName": "",
                                    "checked": "false",
                                    "dataType": "NUMBER",
                                    "attributeLatestValue": "997.10",
                                    "deviceUpdatedDate": "2024-01-26T16:01:48.000Z",
                                    "gatewayUpdatedDate": "2024-01-26T16:01:48.000Z",
                                    "attributeValue": "997.10"
                                },
                                {
                                    "attributeGuid": "76F10A31-80A5-4F2C-92F1-2DE9CB358056",
                                    "attributeName": "temperature",
                                    "displayName": "",
                                    "checked": "false",
                                    "dataType": "NUMBER",
                                    "attributeLatestValue": "29.14",
                                    "deviceUpdatedDate": "2024-01-26T16:01:48.000Z",
                                    "gatewayUpdatedDate": "2024-01-26T16:01:48.000Z",
                                    "attributeValue": "29.14"
                                },
                                {
                                    "attributeGuid": "069497A9-4EC0-4536-9B65-C0C02A00DED8",
                                    "attributeName": "LED1",
                                    "displayName": "",
                                    "checked": "false",
                                    "dataType": "NUMBER",
                                    "attributeLatestValue": "1",
                                    "deviceUpdatedDate": "2024-01-26T16:01:48.000Z",
                                    "gatewayUpdatedDate": "2024-01-26T16:01:48.000Z",
                                    "attributeValue": "1"
                                },
                                {
                                    "attributeGuid": "A1E73788-F0C5-4AA5-8284-D056176ADE67",
                                    "attributeName": "longitude",
                                    "displayName": "",
                                    "checked": "false",
                                    "dataType": "NUMBER",
                                    "attributeLatestValue": "48.17207000301404",
                                    "deviceUpdatedDate": "2024-01-26T16:01:48.000Z",
                                    "gatewayUpdatedDate": "2024-01-26T16:01:48.000Z",
                                    "attributeValue": "48.17207000301404"
                                },
                                {
                                    "attributeGuid": "AF781DE0-F336-4C89-8182-F55E5C300E11",
                                    "attributeName": "LED_RGB_Brightness",
                                    "displayName": "",
                                    "checked": "false",
                                    "dataType": "NUMBER",
                                    "attributeLatestValue": "50",
                                    "deviceUpdatedDate": "2024-01-26T16:01:48.000Z",
                                    "gatewayUpdatedDate": "2024-01-26T16:01:48.000Z",
                                    "attributeValue": "50"
                                }
                            ]
                        },
                        "lineAttributes": {
                            "lineAttributeGuid": "A3087434-D172-4DE2-9A9C-27941ED6A88F",
                            "lineAttributeName": "pressure",
                            "lineAttributeColor": "#d0021b"
                        },
                        "barAttributes": {
                            "barAttributeGuid": "15CF0100-4193-4E6F-8D7C-091064E05B60",
                            "barAttributeName": "co2level",
                            "barAttributeColor": "#4a90e2"
                        },
                        "lineColor": "#00cc00",
                        "barColor": "#00cc00",
                        "barCount": "30",
                        "lineAttributeGuid": "",
                        "lineAttributeName": "",
                        "lineAttributeColor": "",
                        "barAttributeGuid": "",
                        "barAttributeName": "",
                        "barAttributeColor": "",
                        "key": "combo",
                        "recentEndPoints": "50",
                        "dateToUse": "Gateway Date"
                    }
                }
            },
            "properties": {
                "x": "38",
                "y": "9",
                "w": "23",
                "h": "12",
                "i": "combo",
                "minW": "16",
                "minH": "12",
                "isStatic": "false"
            }
        },
        {
            "widgetGuid": "A8CB394D-15B1-42C9-94FC-AD7BDC599E2A",
            "widgetProperties": {
                "i": "Image",
                "background": "#ffffff",
                "fontColor": "#343434",
                "fontFamily": "Proxima Nova",
                "fontSize": "10",
                "title": "",
                "titleAlign": "",
                "contents": {
                    "option": {
                        "imageUpload": "false",
                        "imageUrl": "true",
                        "imageDevice": "false",
                        "imageTelemetry": "false",
                        "key": "option"
                    },
                    "upload": {
                        "imageurl": "",
                        "key": "upload"
                    },
                    "url": {
                        "imageurl": "https://urosmali.github.io./imgs/InfineonDemoFull.png",
                        "key": "url"
                    },
                    "device": {
                        "deviceGuid": "AD26A844-6EC3-4926-A975-DEE7B773CCF0",
                        "deviceName": "",
                        "imageurl": "",
                        "key": "device",
                        "deviceUniqueId": "zRYzTQEAHAAFAAAKCRtcABUASQBOgBA"
                    },
                    "telemetry": {
                        "deviceGuid": "",
                        "deviceName": "",
                        "imageurl": "",
                        "key": "telemetry"
                    }
                }
            },
            "properties": {
                "x": "0",
                "y": "10",
                "w": "16",
                "h": "12",
                "i": "Image",
                "minW": "5",
                "minH": "5",
                "isStatic": "false"
            }
        },
        {
            "widgetGuid": "6A7BB4C8-1763-41EB-A490-0764F72A527F",
            "widgetProperties": {
                "i": "DeviceLatestValue",
                "background": "#fff",
                "fontColor": "#343434",
                "fontFamily": "Proxima Nova",
                "fontSize": "18",
                "title": "Xensiv Latest Values",
                "titleAlign": "",
                "contents": {
                    "devicelatestvalue": {
                        "device": {
                            "deviceGuid": "AD26A844-6EC3-4926-A975-DEE7B773CCF0",
                            "deviceUniqueId": "zRYzTQEAHAAFAAAKCRtcABUASQBOgBA"
                        },
                        "boxtypes": "2",
                        "attributes": {
                            "attribute": [
                                {
                                    "attributeGuid": "co2level",
                                    "attributeName": "co2level"
                                },
                                {
                                    "attributeGuid": "pressure",
                                    "attributeName": "pressure"
                                },
                                {
                                    "attributeGuid": "temperature",
                                    "attributeName": "temperature"
                                },
                                {
                                    "attributeGuid": "LED_RGB_Brightness",
                                    "attributeName": "LED_RGB_Brightness"
                                }
                            ]
                        },
                        "key": "devicelatestvalue"
                    }
                }
            },
            "properties": {
                "x": "16",
                "y": "18",
                "w": "15",
                "h": "12",
                "i": "DeviceLatestValue",
                "minW": "15",
                "minH": "12",
                "maxH": "12",
                "maxW": "15",
                "isStatic": "false"
            }
        },
        {
            "widgetGuid": "A0326788-ACC8-4C4C-8243-98112CAEB98B",
            "widgetProperties": {
                "i": "Telemetry",
                "background": "#fff",
                "fontColor": "#343434",
                "fontFamily": "Proxima Nova",
                "fontSize": "18",
                "title": "Xensiv Telemetry",
                "titleAlign": "",
                "contents": {
                    "telemetry": {
                        "showHeader": "true",
                        "showDate": "true",
                        "device": {
                            "deviceGuid": "AD26A844-6EC3-4926-A975-DEE7B773CCF0",
                            "deviceUniqueId": "zRYzTQEAHAAFAAAKCRtcABUASQBOgBA"
                        },
                        "attributes": {
                            "attribute": [
                                {
                                    "attributeGuid": "DF108951-F9C4-4100-AB9C-080064C7996D",
                                    "attributeName": "latitude",
                                    "displayName": "",
                                    "checked": "true"
                                },
                                {
                                    "attributeGuid": "15CF0100-4193-4E6F-8D7C-091064E05B60",
                                    "attributeName": "co2level",
                                    "displayName": "",
                                    "checked": "true"
                                },
                                {
                                    "attributeGuid": "A3087434-D172-4DE2-9A9C-27941ED6A88F",
                                    "attributeName": "pressure",
                                    "displayName": "",
                                    "checked": "true"
                                },
                                {
                                    "attributeGuid": "76F10A31-80A5-4F2C-92F1-2DE9CB358056",
                                    "attributeName": "temperature",
                                    "displayName": "",
                                    "checked": "true"
                                },
                                {
                                    "attributeGuid": "A1E73788-F0C5-4AA5-8284-D056176ADE67",
                                    "attributeName": "longitude",
                                    "displayName": "",
                                    "checked": "true"
                                }
                            ]
                        },
                        "key": "telemetry"
                    }
                }
            },
            "properties": {
                "x": "31",
                "y": "21",
                "w": "30",
                "h": "10",
                "i": "Telemetry",
                "minW": "15",
                "minH": "6",
                "isStatic": "false"
            }
        },
        {
            "widgetGuid": "57E7E7D3-DE04-4CE3-84C3-63D9CC473F75",
            "widgetProperties": {
                "i": "HyperLink",
                "background": "#00559b",
                "fontColor": "#ffffff",
                "fontFamily": "Proxima Nova",
                "fontSize": "26",
                "title": "Product Page",
                "titleAlign": "center",
                "contents": {
                    "hyperlink": {
                        "link": "https://www.avnet.com/wps/portal/us/solutions/iot/iotconnect/development-kits/infineon-xensiv-sensor-kit/",
                        "key": "hyperlink"
                    }
                }
            },
            "properties": {
                "x": "0",
                "y": "22",
                "w": "16",
                "h": "2",
                "i": "HyperLink",
                "minW": "5",
                "minH": "2",
                "maxH": "2",
                "isStatic": "false"
            }
        },
        {
            "widgetGuid": "57E7E7D3-DE04-4CE3-84C3-63D9CC473F75",
            "widgetProperties": {
                "i": "HyperLink",
                "background": "#00559b",
                "fontColor": "#ffffff",
                "fontFamily": "Proxima Nova",
                "fontSize": "26",
                "title": "IoTConnect",
                "titleAlign": "center",
                "contents": {
                    "hyperlink": {
                        "link": "https://www.avnet.com/iot",
                        "key": "hyperlink"
                    }
                }
            },
            "properties": {
                "x": "0",
                "y": "24",
                "w": "16",
                "h": "2",
                "i": "HyperLink",
                "minW": "5",
                "minH": "2",
                "maxH": "2",
                "isStatic": "false"
            }
        },
        {
            "widgetGuid": "57E7E7D3-DE04-4CE3-84C3-63D9CC473F75",
            "widgetProperties": {
                "i": "HyperLink",
                "background": "#00559b",
                "fontColor": "#ffffff",
                "fontFamily": "Proxima Nova",
                "fontSize": "26",
                "title": "Quick Start",
                "titleAlign": "center",
                "contents": {
                    "hyperlink": {
                        "link": "https://github.com/avnet-iotconnect/avnet-iotc-mtb-xensiv-example/blob/main/QUICKSTART.md",
                        "key": "hyperlink"
                    }
                }
            },
            "properties": {
                "x": "0",
                "y": "26",
                "w": "16",
                "h": "2",
                "i": "HyperLink",
                "minW": "5",
                "minH": "2",
                "maxH": "2",
                "isStatic": "false"
            }
        },
        {
            "widgetGuid": "57E7E7D3-DE04-4CE3-84C3-63D9CC473F75",
            "widgetProperties": {
                "i": "HyperLink",
                "background": "#00559b",
                "fontColor": "#ffffff",
                "fontFamily": "Proxima Nova",
                "fontSize": "26",
                "title": "SDK Source",
                "titleAlign": "center",
                "contents": {
                    "hyperlink": {
                        "link": "https://github.com/avnet-iotconnect/avnet-iotc-mtb-xensiv-example/tree/main",
                        "key": "hyperlink"
                    }
                }
            },
            "properties": {
                "x": "0",
                "y": "28",
                "w": "16",
                "h": "2",
                "i": "HyperLink",
                "minW": "5",
                "minH": "2",
                "maxH": "2",
                "isStatic": "false"
            }
        },
        {
            "widgetGuid": "CDBC7C0D-03BF-4D14-9924-7C75AE09133E",
            "widgetProperties": {
                "i": "LiveMap",
                "background": "#00bdd7",
                "fontColor": "#fff",
                "fontFamily": "Arvo",
                "fontSize": "18",
                "title": "Device Tracker",
                "titleAlign": "",
                "contents": {
                    "livemap": {
                        "devicelists": {
                            "templateGuid": "0861CB0A-2833-4016-A8E0-B3BDB4FBA3CF",
                            "latitude": {
                                "guid": "DF108951-F9C4-4100-AB9C-080064C7996D",
                                "attributeName": "latitude"
                            },
                            "longitude": {
                                "guid": "A1E73788-F0C5-4AA5-8284-D056176ADE67",
                                "attributeName": "longitude"
                            },
                            "templateName": "EBV-IoT - Infineon Xensiv Demo v1.2",
                            "devices": {
                                "deviceGuid": "AD26A844-6EC3-4926-A975-DEE7B773CCF0",
                                "deviceUniqueId": "zRYzTQEAHAAFAAAKCRtcABUASQBOgBA",
                                "displayName": "Uros Xensiv Demo"
                            },
                            "tag": "",
                            "dshows": "2",
                            "recentEndPoints": "10"
                        },
                        "dateToUse": "Gateway Date",
                        "key": "livemap"
                    }
                }
            },
            "properties": {
                "x": "0",
                "y": "31",
                "w": "61",
                "h": "21",
                "i": "LiveMap",
                "minW": "12",
                "minH": "10",
                "isStatic": "false"
            }
        }
    ]
}