{
    "code": "EBVIFX12",
    "name": "EBV-IoT - Infineon Xensiv Demo v1.2",
    "authType": 2,
    "isIotEdgeEnable": false,
    "attributes": [
        {
            "name": "co2level",
			"displayName": null,
            "type": "NUMBER",
            "description": "[GAUGE400:2500]IFX PAS CO2 sensor",
            "unit": "ppm"
        },
        {
            "name": "temperature",
			"displayName": null,
            "type": "NUMBER",
            "description": "[GRAPH]IFX DPS310 temperature sensor",
            "unit": "c"
        },
        {
            "name": "pressure",
			"displayName": null,
            "type": "NUMBER",
            "description": "[GAUGE900:1100]IFX DPS310 pressure sensor",
            "unit": "mBar"
        },
        {
            "name": "LED1",
			"displayName": null,
            "type": "NUMBER",
            "description": "[LED]User LED1"
        },
        {
            "name": "LED_RGB_Brightness",
			"displayName": null,
            "type": "NUMBER",
            "description": "[SLIDER0:100:5]RGB LED Brigtness",
            "unit": "%"
        },
        {
            "name": "latitude",
            "displayName": null,
            "type": "NUMBER",
            "description": null,
            "unit": null
        },
        {
            "name": "longitude",
            "displayName": null,
            "type": "NUMBER",
            "description": null,
            "unit": null
        }
    ],
    "settings": [
        {
            "name": "Firmware",
            "type": "STRING",
            "localName": "fw",
            "defaultValue": "0.00",
            "isReadOnly": false
        }
    ],
    "commands": [
        {
            "name": "Set LED1",
            "command": "LED1",
            "requiredParam": true,
            "requiredAck": false,
            "isOTACommand": false
        },
        {
            "name": "Set LED_RGB_Brightness",
            "command": "LED_RGB_Brightness",
            "requiredParam": true,
            "requiredAck": false,
            "isOTACommand": false
        },
        {
            "name": "Set LED RGB Color",
            "command": "LED_RGB_color",
            "requiredParam": true,
            "requiredAck": false,
            "isOTACommand": false
        }
    ],
    "messageVersion": "1.0",
    "msgCode": "T859LX6",
    "properties": {
        "description": "EBV-IoT – Infineon & Avnet IoTConnect Secure Cloud connected solution",
        "dataFrequency": "60",
        "fileSupport": false
    },
    "_meta": {
        "version": "2.0"
    }
}