{
    "ddType": 2,
    "items": [
        {
            "widgetGuid": "F66A9747-6C71-40E5-8639-9F53233494D2",
            "widgetProperties": {
                "i": "Label",
                "background": "#00559b",
                "fontColor": "#ffffff",
                "fontFamily": "Proxima Nova",
                "fontSize": "24",
                "title": "EBV-IoT - Infineon & Avnet IoTConnect Secure Cloud connected solution",
                "titleAlign": "",
                "contents": ""
            },
            "properties": {
                "x": "0",
                "y": "0",
                "w": "31",
                "h": "2",
                "i": "Label",
                "minW": "6",
                "minH": "2",
                "maxH": "2",
                "isStatic": "false"
            }
        },
        {
            "widgetGuid": "21A18C90-2DBC-4283-89D2-B01E1B70E363",
            "widgetProperties": {
                "i": "gauge",
                "background": "#fff",
                "fontColor": "#343434",
                "fontFamily": "Proxima Nova",
                "fontSize": "18",
                "title": "CO2 Levels (ppm)",
                "titleAlign": "",
                "contents": {
                    "gauge": {
                        "device": {
                            "deviceGuid": "E9283D6D-493E-444D-9265-DE4CE8FBCB5C",
                            "deviceUniqueId": "zRYzTQEAHAAFAAAKCRtcABUASQBOgBA"
                        },
                        "attributes": {
                            "attribute": [
                                {
                                    "attributeGuid": "4D209237-EEF3-427C-AEB6-2DC139B85FCA",
                                    "attributeName": "LED1",
                                    "checked": "false",
                                    "dataType": "NUMBER",
                                    "attributeLatestValue": "1",
                                    "deviceUpdatedDate": "2023-10-26T07:28:27.000Z",
                                    "gatewayUpdatedDate": "NA",
                                    "attributeValue": "1"
                                },
                                {
                                    "attributeGuid": "887A8E7F-B66C-4A06-AF3D-5FF1B6191475",
                                    "attributeName": "LED_RGB_Brightness",
                                    "checked": "false",
                                    "dataType": "NUMBER",
                                    "attributeLatestValue": "0",
                                    "deviceUpdatedDate": "2023-10-26T07:28:27.000Z",
                                    "gatewayUpdatedDate": "NA",
                                    "attributeValue": "0"
                                },
                                {
                                    "attributeGuid": "FFBA9DBC-326D-4EFD-BB6B-6C49AD058405",
                                    "attributeName": "pressure",
                                    "checked": "false",
                                    "dataType": "NUMBER",
                                    "attributeLatestValue": "975.30",
                                    "deviceUpdatedDate": "2023-10-26T07:28:27.000Z",
                                    "gatewayUpdatedDate": "NA",
                                    "attributeValue": "975.30"
                                },
                                {
                                    "attributeGuid": "E579F44D-23A3-4C8C-8ACA-BAC30661060E",
                                    "attributeName": "temperature",
                                    "checked": "false",
                                    "dataType": "NUMBER",
                                    "attributeLatestValue": "23.96",
                                    "deviceUpdatedDate": "2023-10-26T07:28:27.000Z",
                                    "gatewayUpdatedDate": "NA",
                                    "attributeValue": "23.96"
                                },
                                {
                                    "attributeGuid": "F21AAB16-2CC3-4DAD-8629-BE9A2E20B006",
                                    "attributeName": "co2level",
                                    "checked": "true",
                                    "dataType": "NUMBER",
                                    "attributeLatestValue": "952",
                                    "deviceUpdatedDate": "2023-10-26T07:28:27.000Z",
                                    "gatewayUpdatedDate": "NA",
                                    "attributeValue": "952"
                                }
                            ]
                        },
                        "minValue": "400",
                        "maxValue": "5000",
                        "greenFrom": "0",
                        "greenTo": "1000",
                        "redFrom": "0",
                        "redTo": "5000",
                        "yellowFrom": "0",
                        "yellowTo": "2000",
                        "key": "gauge"
                    }
                }
            },
            "properties": {
                "x": "31",
                "y": "0",
                "w": "7",
                "h": "8",
                "i": "gauge",
                "minW": "7",
                "minH": "8",
                "maxH": "14",
                "maxW": "16",
                "isStatic": "false"
            }
        },
        {
            "widgetGuid": "21A18C90-2DBC-4283-89D2-B01E1B70E363",
            "widgetProperties": {
                "i": "gauge",
                "background": "#fff",
                "fontColor": "#343434",
                "fontFamily": "Proxima Nova",
                "fontSize": "18",
                "title": "Pressure (mb)",
                "titleAlign": "",
                "contents": {
                    "gauge": {
                        "device": {
                            "deviceGuid": "E9283D6D-493E-444D-9265-DE4CE8FBCB5C",
                            "deviceUniqueId": "zRYzTQEAHAAFAAAKCRtcABUASQBOgBA"
                        },
                        "attributes": {
                            "attribute": [
                                {
                                    "attributeGuid": "23566588-BC71-4FA4-8248-0199C7C6EF56",
                                    "attributeName": "co2level",
                                    "checked": "false",
                                    "dataType": "NUMBER",
                                    "attributeLatestValue": "0",
                                    "deviceUpdatedDate": "2023-10-22T22:45:45.000Z",
                                    "gatewayUpdatedDate": "NA",
                                    "attributeValue": "0"
                                },
                                {
                                    "attributeGuid": "E8DC4AB0-A7A2-4D6F-9D8F-B32F089604D4",
                                    "attributeName": "pressure",
                                    "checked": "true",
                                    "dataType": "NUMBER",
                                    "attributeLatestValue": "989.9849853515625",
                                    "deviceUpdatedDate": "2023-10-22T22:45:45.000Z",
                                    "gatewayUpdatedDate": "NA",
                                    "attributeValue": "989.9849853515625"
                                },
                                {
                                    "attributeGuid": "89863E8F-0ED7-4D3C-80A4-B35A4D68BB38",
                                    "attributeName": "temperature",
                                    "checked": "false",
                                    "dataType": "NUMBER",
                                    "attributeLatestValue": "29.700000762939453",
                                    "deviceUpdatedDate": "2023-10-22T22:45:45.000Z",
                                    "gatewayUpdatedDate": "NA",
                                    "attributeValue": "29.700000762939453"
                                }
                            ]
                        },
                        "minValue": "750",
                        "maxValue": "1350",
                        "greenFrom": "0",
                        "greenTo": "0",
                        "redFrom": "0",
                        "redTo": "0",
                        "yellowFrom": "0",
                        "yellowTo": "0",
                        "key": "gauge"
                    }
                }
            },
            "properties": {
                "x": "39",
                "y": "0",
                "w": "7",
                "h": "8",
                "i": "gauge",
                "minW": "7",
                "minH": "8",
                "maxH": "14",
                "maxW": "16",
                "isStatic": "false"
            }
        },
        {
            "widgetGuid": "21A18C90-2DBC-4283-89D2-B01E1B70E363",
            "widgetProperties": {
                "i": "gauge",
                "background": "#fff",
                "fontColor": "#343434",
                "fontFamily": "Proxima Nova",
                "fontSize": "18",
                "title": "Temperature (C)",
                "titleAlign": "",
                "contents": {
                    "gauge": {
                        "device": {
                            "deviceGuid": "E9283D6D-493E-444D-9265-DE4CE8FBCB5C",
                            "deviceUniqueId": "zRYzTQEAHAAFAAAKCRtcABUASQBOgBA"
                        },
                        "attributes": {
                            "attribute": [
                                {
                                    "attributeGuid": "4D209237-EEF3-427C-AEB6-2DC139B85FCA",
                                    "attributeName": "LED1",
                                    "checked": "false",
                                    "dataType": "NUMBER",
                                    "attributeLatestValue": "1",
                                    "deviceUpdatedDate": "2023-10-26T07:28:27.000Z",
                                    "gatewayUpdatedDate": "NA",
                                    "attributeValue": "1"
                                },
                                {
                                    "attributeGuid": "887A8E7F-B66C-4A06-AF3D-5FF1B6191475",
                                    "attributeName": "LED_RGB_Brightness",
                                    "checked": "false",
                                    "dataType": "NUMBER",
                                    "attributeLatestValue": "0",
                                    "deviceUpdatedDate": "2023-10-26T07:28:27.000Z",
                                    "gatewayUpdatedDate": "NA",
                                    "attributeValue": "0"
                                },
                                {
                                    "attributeGuid": "FFBA9DBC-326D-4EFD-BB6B-6C49AD058405",
                                    "attributeName": "pressure",
                                    "checked": "false",
                                    "dataType": "NUMBER",
                                    "attributeLatestValue": "975.30",
                                    "deviceUpdatedDate": "2023-10-26T07:28:27.000Z",
                                    "gatewayUpdatedDate": "NA",
                                    "attributeValue": "975.30"
                                },
                                {
                                    "attributeGuid": "E579F44D-23A3-4C8C-8ACA-BAC30661060E",
                                    "attributeName": "temperature",
                                    "checked": "true",
                                    "dataType": "NUMBER",
                                    "attributeLatestValue": "23.96",
                                    "deviceUpdatedDate": "2023-10-26T07:28:27.000Z",
                                    "gatewayUpdatedDate": "NA",
                                    "attributeValue": "23.96"
                                },
                                {
                                    "attributeGuid": "F21AAB16-2CC3-4DAD-8629-BE9A2E20B006",
                                    "attributeName": "co2level",
                                    "checked": "false",
                                    "dataType": "NUMBER",
                                    "attributeLatestValue": "952",
                                    "deviceUpdatedDate": "2023-10-26T07:28:27.000Z",
                                    "gatewayUpdatedDate": "NA",
                                    "attributeValue": "952"
                                }
                            ]
                        },
                        "minValue": "-40",
                        "maxValue": "50",
                        "greenFrom": "0",
                        "greenTo": "28",
                        "redFrom": "0",
                        "redTo": "50",
                        "yellowFrom": "0",
                        "yellowTo": "35",
                        "key": "gauge"
                    }
                }
            },
            "properties": {
                "x": "47",
                "y": "0",
                "w": "7",
                "h": "8",
                "i": "gauge",
                "minW": "7",
                "minH": "8",
                "maxH": "14",
                "maxW": "16",
                "isStatic": "false"
            }
        },
        {
            "widgetGuid": "A8CB394D-15B1-42C9-94FC-AD7BDC599E2A",
            "widgetProperties": {
                "i": "Image",
                "background": "#ffffff",
                "fontColor": "#343434",
                "fontFamily": "Proxima Nova",
                "fontSize": "10",
                "title": "",
                "titleAlign": "",
                "contents": {
                    "option": {
                        "imageUpload": "false",
                        "imageUrl": "true",
                        "imageDevice": "false",
                        "imageTelemetry": "false",
                        "key": "option"
                    },
                    "upload": {
                        "imageurl": "",
                        "key": "upload"
                    },
                    "url": {
                        "imageurl": "https://saleshosted.z13.web.core.windows.net/media/ifx/infineon_logo.png",
                        "key": "url"
                    },
                    "device": {
                        "deviceGuid": "E9283D6D-493E-444D-9265-DE4CE8FBCB5C",
                        "deviceName": "",
                        "imageurl": "",
                        "key": "device",
                        "deviceUniqueId": "zRYzTQEAHAAFAAAKCRtcABUASQBOgBA"
                    },
                    "telemetry": {
                        "deviceGuid": "",
                        "deviceName": "",
                        "imageurl": "",
                        "key": "telemetry"
                    }
                }
            },
            "properties": {
                "x": "0",
                "y": "2",
                "w": "16",
                "h": "8",
                "i": "Image",
                "minW": "5",
                "minH": "5",
                "isStatic": "false"
            }
        },
        {
            "widgetGuid": "8BF5A2DF-51FA-479B-B5D8-8413DC425CFF",
            "widgetProperties": {
                "i": "LiveLineChart",
                "background": "#fff",
                "fontColor": "#343434",
                "fontFamily": "Proxima Nova",
                "fontSize": "18",
                "title": "Environmental Telemetry",
                "titleAlign": "",
                "contents": {
                    "liveChart": {
                        "device": {
                            "deviceGuid": "E9283D6D-493E-444D-9265-DE4CE8FBCB5C",
                            "deviceUniqueId": "zRYzTQEAHAAFAAAKCRtcABUASQBOgBA"
                        },
                        "attributes": {
                            "attribute": [
                                {
                                    "attributeGuid": "4D209237-EEF3-427C-AEB6-2DC139B85FCA",
                                    "attributeName": "LED1",
                                    "checked": "false",
                                    "dataType": "NUMBER",
                                    "attributeLatestValue": "1",
                                    "deviceUpdatedDate": "2023-10-26T08:56:58.000Z",
                                    "gatewayUpdatedDate": "NA",
                                    "attributeValue": "1"
                                },
                                {
                                    "attributeGuid": "887A8E7F-B66C-4A06-AF3D-5FF1B6191475",
                                    "attributeName": "LED_RGB_Brightness",
                                    "checked": "false",
                                    "dataType": "NUMBER",
                                    "attributeLatestValue": "0",
                                    "deviceUpdatedDate": "2023-10-26T08:56:58.000Z",
                                    "gatewayUpdatedDate": "NA",
                                    "attributeValue": "0"
                                },
                                {
                                    "attributeGuid": "FFBA9DBC-326D-4EFD-BB6B-6C49AD058405",
                                    "attributeName": "pressure",
                                    "checked": "true",
                                    "dataType": "NUMBER",
                                    "attributeLatestValue": "975.36",
                                    "deviceUpdatedDate": "2023-10-26T08:56:58.000Z",
                                    "gatewayUpdatedDate": "NA",
                                    "attributeValue": "975.36"
                                },
                                {
                                    "attributeGuid": "E579F44D-23A3-4C8C-8ACA-BAC30661060E",
                                    "attributeName": "temperature",
                                    "checked": "true",
                                    "dataType": "NUMBER",
                                    "attributeLatestValue": "24.48",
                                    "deviceUpdatedDate": "2023-10-26T08:56:58.000Z",
                                    "gatewayUpdatedDate": "NA",
                                    "attributeValue": "24.48"
                                },
                                {
                                    "attributeGuid": "F21AAB16-2CC3-4DAD-8629-BE9A2E20B006",
                                    "attributeName": "co2level",
                                    "checked": "true",
                                    "dataType": "NUMBER",
                                    "attributeLatestValue": "977",
                                    "deviceUpdatedDate": "2023-10-26T08:56:58.000Z",
                                    "gatewayUpdatedDate": "NA",
                                    "attributeValue": "977"
                                }
                            ]
                        },
                        "key": "liveChart",
                        "recentEndPoints": "10"
                    }
                }
            },
            "properties": {
                "x": "16",
                "y": "2",
                "w": "15",
                "h": "16",
                "i": "LiveLineChart",
                "minW": "15",
                "minH": "15",
                "isStatic": "false"
            }
        },
        {
            "widgetGuid": "6FEFF6B7-15C4-4095-A156-87A1B38D2FF5",
            "widgetProperties": {
                "i": "Transformation",
                "background": "#1cb32a",
                "fontColor": "#343434",
                "fontFamily": "Proxima Nova",
                "fontSize": "43",
                "title": "C02 Level",
                "titleAlign": "",
                "contents": {
                    "Transformation": {
                        "device": {
                            "deviceGuid": "E9283D6D-493E-444D-9265-DE4CE8FBCB5C",
                            "deviceUniqueId": "zRYzTQEAHAAFAAAKCRtcABUASQBOgBA"
                        },
                        "attributes": {
                            "attribute": [
                                {
                                    "attributeGuid": "4D209237-EEF3-427C-AEB6-2DC139B85FCA",
                                    "attributeName": "LED1",
                                    "checked": "false",
                                    "dataType": "NUMBER",
                                    "attributeLatestValue": "1",
                                    "deviceUpdatedDate": "2023-10-26T07:28:27.000Z",
                                    "gatewayUpdatedDate": "NA",
                                    "attributeValue": "1"
                                },
                                {
                                    "attributeGuid": "887A8E7F-B66C-4A06-AF3D-5FF1B6191475",
                                    "attributeName": "LED_RGB_Brightness",
                                    "checked": "false",
                                    "dataType": "NUMBER",
                                    "attributeLatestValue": "0",
                                    "deviceUpdatedDate": "2023-10-26T07:28:27.000Z",
                                    "gatewayUpdatedDate": "NA",
                                    "attributeValue": "0"
                                },
                                {
                                    "attributeGuid": "FFBA9DBC-326D-4EFD-BB6B-6C49AD058405",
                                    "attributeName": "pressure",
                                    "checked": "false",
                                    "dataType": "NUMBER",
                                    "attributeLatestValue": "975.30",
                                    "deviceUpdatedDate": "2023-10-26T07:28:27.000Z",
                                    "gatewayUpdatedDate": "NA",
                                    "attributeValue": "975.30"
                                },
                                {
                                    "attributeGuid": "E579F44D-23A3-4C8C-8ACA-BAC30661060E",
                                    "attributeName": "temperature",
                                    "checked": "false",
                                    "dataType": "NUMBER",
                                    "attributeLatestValue": "23.96",
                                    "deviceUpdatedDate": "2023-10-26T07:28:27.000Z",
                                    "gatewayUpdatedDate": "NA",
                                    "attributeValue": "23.96"
                                },
                                {
                                    "attributeGuid": "F21AAB16-2CC3-4DAD-8629-BE9A2E20B006",
                                    "attributeName": "co2level",
                                    "checked": "true",
                                    "dataType": "NUMBER",
                                    "attributeLatestValue": "952",
                                    "deviceUpdatedDate": "2023-10-26T07:28:27.000Z",
                                    "gatewayUpdatedDate": "NA",
                                    "attributeValue": "952"
                                }
                            ]
                        },
                        "key": "Transformation",
                        "transformations": [
                            {
                                "condition": "le",
                                "conditionValue": "1000",
                                "type": "Color",
                                "errors": "",
                                "typeValue": "#1cb32a",
                                "isShowLiveFontColor": "false"
                            },
                            {
                                "condition": "le",
                                "conditionValue": "2000",
                                "type": "Color",
                                "errors": "",
                                "typeValue": "#f8e71c",
                                "isShowLiveFontColor": "false"
                            },
                            {
                                "condition": "lt",
                                "conditionValue": "5000",
                                "type": "Color",
                                "errors": "",
                                "typeValue": "#f5a623",
                                "isShowLiveFontColor": "false"
                            },
                            {
                                "condition": "gt",
                                "conditionValue": "5000",
                                "type": "Color",
                                "errors": "",
                                "typeValue": "#d0021b",
                                "isShowLiveFontColor": "false"
                            }
                        ]
                    }
                }
            },
            "properties": {
                "x": "31",
                "y": "8",
                "w": "7",
                "h": "6",
                "i": "Transformation",
                "minW": "7",
                "minH": "4",
                "isStatic": "false"
            }
        },
        {
            "widgetGuid": "1C12305F-91F5-4DEE-9DF2-ED542C06313E",
            "widgetProperties": {
                "i": "combo",
                "background": "#fff",
                "fontColor": "#343434",
                "fontFamily": "Proxima Nova",
                "fontSize": "18",
                "title": "Pressure / CO2",
                "titleAlign": "",
                "contents": {
                    "combo": {
                        "device": {
                            "deviceGuid": "E9283D6D-493E-444D-9265-DE4CE8FBCB5C",
                            "deviceUniqueId": "zRYzTQEAHAAFAAAKCRtcABUASQBOgBA"
                        },
                        "attributes": {
                            "attribute": [
                                {
                                    "attributeGuid": "4D209237-EEF3-427C-AEB6-2DC139B85FCA",
                                    "attributeName": "LED1",
                                    "checked": "false",
                                    "dataType": "NUMBER",
                                    "attributeLatestValue": "1",
                                    "deviceUpdatedDate": "2023-10-26T07:28:27.000Z",
                                    "gatewayUpdatedDate": "NA",
                                    "attributeValue": "1"
                                },
                                {
                                    "attributeGuid": "887A8E7F-B66C-4A06-AF3D-5FF1B6191475",
                                    "attributeName": "LED_RGB_Brightness",
                                    "checked": "false",
                                    "dataType": "NUMBER",
                                    "attributeLatestValue": "0",
                                    "deviceUpdatedDate": "2023-10-26T07:28:27.000Z",
                                    "gatewayUpdatedDate": "NA",
                                    "attributeValue": "0"
                                },
                                {
                                    "attributeGuid": "FFBA9DBC-326D-4EFD-BB6B-6C49AD058405",
                                    "attributeName": "pressure",
                                    "checked": "false",
                                    "dataType": "NUMBER",
                                    "attributeLatestValue": "975.30",
                                    "deviceUpdatedDate": "2023-10-26T07:28:27.000Z",
                                    "gatewayUpdatedDate": "NA",
                                    "attributeValue": "975.30"
                                },
                                {
                                    "attributeGuid": "E579F44D-23A3-4C8C-8ACA-BAC30661060E",
                                    "attributeName": "temperature",
                                    "checked": "false",
                                    "dataType": "NUMBER",
                                    "attributeLatestValue": "23.96",
                                    "deviceUpdatedDate": "2023-10-26T07:28:27.000Z",
                                    "gatewayUpdatedDate": "NA",
                                    "attributeValue": "23.96"
                                },
                                {
                                    "attributeGuid": "F21AAB16-2CC3-4DAD-8629-BE9A2E20B006",
                                    "attributeName": "co2level",
                                    "checked": "false",
                                    "dataType": "NUMBER",
                                    "attributeLatestValue": "952",
                                    "deviceUpdatedDate": "2023-10-26T07:28:27.000Z",
                                    "gatewayUpdatedDate": "NA",
                                    "attributeValue": "952"
                                }
                            ]
                        },
                        "lineAttributes": {
                            "lineAttributeGuid": "FFBA9DBC-326D-4EFD-BB6B-6C49AD058405",
                            "lineAttributeName": "pressure",
                            "lineAttributeColor": "#d0021b"
                        },
                        "barAttributes": {
                            "barAttributeGuid": "F21AAB16-2CC3-4DAD-8629-BE9A2E20B006",
                            "barAttributeName": "co2level",
                            "barAttributeColor": "#4a90e2"
                        },
                        "lineColor": "#00cc00",
                        "barColor": "#00cc00",
                        "barCount": "30",
                        "lineAttributeGuid": "",
                        "lineAttributeName": "",
                        "lineAttributeColor": "",
                        "barAttributeGuid": "",
                        "barAttributeName": "",
                        "barAttributeColor": "",
                        "key": "combo",
                        "recentEndPoints": "50"
                    }
                }
            },
            "properties": {
                "x": "38",
                "y": "8",
                "w": "16",
                "h": "12",
                "i": "combo",
                "minW": "16",
                "minH": "12",
                "isStatic": "false"
            }
        },
        {
            "widgetGuid": "A8CB394D-15B1-42C9-94FC-AD7BDC599E2A",
            "widgetProperties": {
                "i": "Image",
                "background": "#ffffff",
                "fontColor": "#343434",
                "fontFamily": "Proxima Nova",
                "fontSize": "10",
                "title": "",
                "titleAlign": "",
                "contents": {
                    "option": {
                        "imageUpload": "false",
                        "imageUrl": "true",
                        "imageDevice": "false",
                        "imageTelemetry": "false",
                        "key": "option"
                    },
                    "upload": {
                        "imageurl": "",
                        "key": "upload"
                    },
                    "url": {
                        "imageurl": "https://urosmali.github.io./imgs/InfineonDemoFull.png",
                        "key": "url"
                    },
                    "device": {
                        "deviceGuid": "E9283D6D-493E-444D-9265-DE4CE8FBCB5C",
                        "deviceName": "",
                        "imageurl": "",
                        "key": "device",
                        "deviceUniqueId": "zRYzTQEAHAAFAAAKCRtcABUASQBOgBA"
                    },
                    "telemetry": {
                        "deviceGuid": "",
                        "deviceName": "",
                        "imageurl": "",
                        "key": "telemetry"
                    }
                }
            },
            "properties": {
                "x": "0",
                "y": "10",
                "w": "16",
                "h": "12",
                "i": "Image",
                "minW": "5",
                "minH": "5",
                "isStatic": "false"
            }
        },
        {
            "widgetGuid": "F7979C1B-8637-4667-90A2-6961052C6E21",
            "widgetProperties": {
                "i": "Live",
                "background": "#ffffff",
                "fontColor": "#343434",
                "fontFamily": "Proxima Nova",
                "fontSize": "24",
                "title": "Software",
                "titleAlign": "",
                "contents": {
                    "attributeValue": {
                        "attributeName": "version",
                        "key": "attributeValue"
                    },
                    "attributeTime": {
                        "attributeName": "version",
                        "key": "attributeTime"
                    },
                    "live": {
                        "device": {
                            "deviceGuid": "E9283D6D-493E-444D-9265-DE4CE8FBCB5C",
                            "deviceUniqueId": "zRYzTQEAHAAFAAAKCRtcABUASQBOgBA"
                        },
                        "attributes": {
                            "attribute": [
                                {
                                    "attributeGuid": "23566588-BC71-4FA4-8248-0199C7C6EF56",
                                    "attributeName": "co2level",
                                    "checked": "false",
                                    "dataType": "NUMBER",
                                    "attributeLatestValue": "867",
                                    "deviceUpdatedDate": "2023-10-22T23:11:00.000Z",
                                    "gatewayUpdatedDate": "NA",
                                    "attributeValue": "867"
                                },
                                {
                                    "attributeGuid": "48CEF741-A338-4026-8FDA-8BF69F97E877",
                                    "attributeName": "version",
                                    "checked": "true",
                                    "dataType": "STRING",
                                    "attributeLatestValue": "01.00.00",
                                    "deviceUpdatedDate": "2023-10-22T23:11:00.000Z",
                                    "gatewayUpdatedDate": "NA",
                                    "attributeValue": "01.00.00"
                                },
                                {
                                    "attributeGuid": "E8DC4AB0-A7A2-4D6F-9D8F-B32F089604D4",
                                    "attributeName": "pressure",
                                    "checked": "false",
                                    "dataType": "NUMBER",
                                    "attributeLatestValue": "989.9660034179688",
                                    "deviceUpdatedDate": "2023-10-22T23:11:00.000Z",
                                    "gatewayUpdatedDate": "NA",
                                    "attributeValue": "989.9660034179688"
                                },
                                {
                                    "attributeGuid": "89863E8F-0ED7-4D3C-80A4-B35A4D68BB38",
                                    "attributeName": "temperature",
                                    "checked": "false",
                                    "dataType": "NUMBER",
                                    "attributeLatestValue": "29.219999313354492",
                                    "deviceUpdatedDate": "2023-10-22T23:11:00.000Z",
                                    "gatewayUpdatedDate": "NA",
                                    "attributeValue": "29.219999313354492"
                                }
                            ]
                        },
                        "rules": "",
                        "key": "live"
                    }
                }
            },
            "properties": {
                "x": "31",
                "y": "14",
                "w": "7",
                "h": "4",
                "i": "Live",
                "minW": "7",
                "minH": "4",
                "maxH": "4",
                "isStatic": "false"
            }
        },
        {
            "widgetGuid": "6A7BB4C8-1763-41EB-A490-0764F72A527F",
            "widgetProperties": {
                "i": "DeviceLatestValue",
                "background": "#fff",
                "fontColor": "#343434",
                "fontFamily": "Proxima Nova",
                "fontSize": "18",
                "title": "Xensiv Latest Values",
                "titleAlign": "",
                "contents": {
                    "devicelatestvalue": {
                        "device": {
                            "deviceGuid": "E9283D6D-493E-444D-9265-DE4CE8FBCB5C",
                            "deviceUniqueId": "zRYzTQEAHAAFAAAKCRtcABUASQBOgBA"
                        },
                        "boxtypes": "2",
                        "attributes": {
                            "attribute": [
                                {
                                    "attributeGuid": "co2level",
                                    "attributeName": "co2level"
                                },
                                {
                                    "attributeGuid": "pressure",
                                    "attributeName": "pressure"
                                },
                                {
                                    "attributeGuid": "temperature",
                                    "attributeName": "temperature"
                                },
                                {
                                    "attributeGuid": "LED_RGB_Brightness",
                                    "attributeName": "LED_RGB_Brightness"
                                }
                            ]
                        },
                        "key": "devicelatestvalue"
                    }
                }
            },
            "properties": {
                "x": "16",
                "y": "18",
                "w": "15",
                "h": "12",
                "i": "DeviceLatestValue",
                "minW": "15",
                "minH": "12",
                "maxH": "12",
                "maxW": "15",
                "isStatic": "false"
            }
        },
        {
            "widgetGuid": "A0326788-ACC8-4C4C-8243-98112CAEB98B",
            "widgetProperties": {
                "i": "Telemetry",
                "background": "#fff",
                "fontColor": "#343434",
                "fontFamily": "Proxima Nova",
                "fontSize": "18",
                "title": "Xensiv Telemetry",
                "titleAlign": "",
                "contents": {
                    "telemetry": {
                        "showHeader": "true",
                        "showDate": "true",
                        "device": {
                            "deviceGuid": "E9283D6D-493E-444D-9265-DE4CE8FBCB5C",
                            "deviceUniqueId": "zRYzTQEAHAAFAAAKCRtcABUASQBOgBA"
                        },
                        "attributes": {
                            "attribute": [
                                {
                                    "attributeGuid": "23566588-BC71-4FA4-8248-0199C7C6EF56",
                                    "attributeName": "co2level",
                                    "checked": "true"
                                },
                                {
                                    "attributeGuid": "E8DC4AB0-A7A2-4D6F-9D8F-B32F089604D4",
                                    "attributeName": "pressure",
                                    "checked": "true"
                                },
                                {
                                    "attributeGuid": "89863E8F-0ED7-4D3C-80A4-B35A4D68BB38",
                                    "attributeName": "temperature",
                                    "checked": "true"
                                }
                            ]
                        },
                        "key": "telemetry"
                    }
                }
            },
            "properties": {
                "x": "31",
                "y": "20",
                "w": "23",
                "h": "10",
                "i": "Telemetry",
                "minW": "15",
                "minH": "6",
                "isStatic": "false"
            }
        },
        {
            "widgetGuid": "57E7E7D3-DE04-4CE3-84C3-63D9CC473F75",
            "widgetProperties": {
                "i": "HyperLink",
                "background": "#00559b",
                "fontColor": "#ffffff",
                "fontFamily": "Proxima Nova",
                "fontSize": "26",
                "title": "Product Page",
                "titleAlign": "center",
                "contents": {
                    "hyperlink": {
                        "link": "https://www.avnet.com/wps/portal/us/solutions/iot/iotconnect/development-kits/infineon-xensiv-sensor-kit/",
                        "key": "hyperlink"
                    }
                }
            },
            "properties": {
                "x": "0",
                "y": "22",
                "w": "16",
                "h": "2",
                "i": "HyperLink",
                "minW": "5",
                "minH": "2",
                "maxH": "2",
                "isStatic": "false"
            }
        },
        {
            "widgetGuid": "57E7E7D3-DE04-4CE3-84C3-63D9CC473F75",
            "widgetProperties": {
                "i": "HyperLink",
                "background": "#00559b",
                "fontColor": "#ffffff",
                "fontFamily": "Proxima Nova",
                "fontSize": "26",
                "title": "IoTConnect",
                "titleAlign": "center",
                "contents": {
                    "hyperlink": {
                        "link": "https://www.avnet.com/iot",
                        "key": "hyperlink"
                    }
                }
            },
            "properties": {
                "x": "0",
                "y": "24",
                "w": "16",
                "h": "2",
                "i": "HyperLink",
                "minW": "5",
                "minH": "2",
                "maxH": "2",
                "isStatic": "false"
            }
        },
        {
            "widgetGuid": "57E7E7D3-DE04-4CE3-84C3-63D9CC473F75",
            "widgetProperties": {
                "i": "HyperLink",
                "background": "#00559b",
                "fontColor": "#ffffff",
                "fontFamily": "Proxima Nova",
                "fontSize": "26",
                "title": "Quick Start",
                "titleAlign": "center",
                "contents": {
                    "hyperlink": {
                        "link": "https://github.com/avnet-iotconnect/avnet-iotc-mtb-xensiv-example/blob/main/QUICKSTART.md",
                        "key": "hyperlink"
                    }
                }
            },
            "properties": {
                "x": "0",
                "y": "26",
                "w": "16",
                "h": "2",
                "i": "HyperLink",
                "minW": "5",
                "minH": "2",
                "maxH": "2",
                "isStatic": "false"
            }
        },
        {
            "widgetGuid": "57E7E7D3-DE04-4CE3-84C3-63D9CC473F75",
            "widgetProperties": {
                "i": "HyperLink",
                "background": "#00559b",
                "fontColor": "#ffffff",
                "fontFamily": "Proxima Nova",
                "fontSize": "26",
                "title": "SDK Source",
                "titleAlign": "center",
                "contents": {
                    "hyperlink": {
                        "link": "https://github.com/avnet-iotconnect/avnet-iotc-mtb-xensiv-example/tree/main",
                        "key": "hyperlink"
                    }
                }
            },
            "properties": {
                "x": "0",
                "y": "28",
                "w": "16",
                "h": "2",
                "i": "HyperLink",
                "minW": "5",
                "minH": "2",
                "maxH": "2",
                "isStatic": "false"
            }
        }
    ]
}